{
  "project_info": {
    "project_number": "1084403658572",
    "project_id": "ferretools-mobile",
    "storage_bucket": "ferretools-mobile.firebasestorage.app"
  },
  "client": [
    {
      "client_info": {
        "mobilesdk_app_id": "1:1084403658572:android:ef572319c52e2a11aa69e9",
        "android_client_info": {
          "package_name": "com.example.ferretools"
        }
      },
      "oauth_client": [],
      "api_key": [
        {
          "current_key": "AIzaSyB3d9HQ3eOGaInNpKCslyJeBLLyBPTCEiw"
        }
      ],
      "services": {
        "appinvite_service": {
          "other_platform_oauth_client": []
        }
      }
    }
  ],
  "configuration_version": "1"
}